{"skins":{"default":{"mui":{"mui":{"rotation":-178.02,"x":9.36,"width":31,"y":1.82,"height":25}},"vaitr":{"vaitr":{"rotation":77.84,"x":22.55,"width":33,"y":1.08,"height":56}},"Layer 686":{"Layer 686":{"triangles":[59,61,60,12,60,13,61,62,60,60,62,23,60,23,13,32,30,29,23,63,29,61,50,45,13,22,14,13,23,22,14,21,15,14,22,21,48,46,49,45,50,46,16,15,17,48,47,46,17,15,21,17,21,20,17,20,18,61,45,62,63,62,64,64,62,65,45,65,62,20,19,18,23,62,63,45,42,41,36,66,65,36,65,41,41,65,45,24,23,27,23,29,28,43,42,44,45,44,42,25,24,26,27,23,28,29,63,64,26,24,27,65,66,64,64,66,32,32,66,67,67,33,32,29,64,32,30,32,31,66,36,35,66,35,67,41,40,36,67,35,34,67,34,33,39,38,40,40,37,36,40,38,37,1,3,2,1,0,3,3,0,59,57,56,58,56,55,58,55,54,58,58,54,59,0,58,59,4,3,60,4,60,5,60,3,59,8,10,9,8,7,10,7,11,10,7,6,11,5,60,6,59,54,51,59,51,50,6,12,11,6,60,12,51,54,52,54,53,52,59,50,61,50,49,46],"uvs":[0.30372,0.96011,0.36328,1,0.46782,1,0.43621,0.94068,0.57235,0.93264,0.68783,0.89512,0.72308,0.86699,0.79845,0.89579,0.84829,0.92326,0.99294,0.84823,0.89691,0.80669,0.83613,0.75041,0.80331,0.66667,0.80939,0.62178,0.87868,0.60905,0.94675,0.57019,1,0.54607,1,0.50923,1,0.43218,0.97349,0.38394,0.90663,0.39667,0.88232,0.42883,0.82276,0.43084,0.75955,0.41409,0.86895,0.39131,0.96741,0.35245,0.98808,0.29551,0.9042,0.18697,0.80453,0.04293,0.65988,0,0.43621,0,0.36328,0.05365,0.35234,0.09787,0.31934,0.10863,0.29277,0.1173,0.25874,0.15682,0.19067,0.13673,0.14934,0.08447,0.07033,0.05432,0.05331,0.06638,0.07519,0.15146,0.09221,0.2265,0.0448,0.3069,0.02049,0.35647,0.07276,0.41074,0.15542,0.42682,0.0764,0.46702,0.02414,0.50521,0.02414,0.55143,0.08248,0.59967,0.13718,0.62647,0.09342,0.67538,0,0.68141,0,0.75577,0.05939,0.75644,0.029,0.80937,0,0.91321,0,0.95274,0.15055,0.94738,0.29796,0.67569,0.59689,0.64244,0.35555,0.54267,0.38435,0.43611,0.38435,0.36507,0.36652,0.33862,0.27602,0.31065,0.28562,0.22752,0.28973,0.15194],"vertices":[1,2,41.9,-19.22,1,1,2,56.42,-13.36,1,1,2,61.66,3.29,1,2,3,-41.42,-29.51,0.00707,2,42.93,3.66,0.99293,2,3,-32.65,-50.63,0.1205,2,47.44,26.07,0.8795,3,3,-16.29,-65.9,0.27993,2,42.4,47.88,0.71801,4,-105.63,-36.83,0.00206,3,3,-6.44,-69.14,0.3732,2,36.03,56.06,0.61966,4,-97.16,-42.81,0.00714,3,3,-11.25,-83.68,0.42372,2,48.14,65.44,0.57427,4,-106.03,-55.3,0.00201,2,3,-16.88,-94.02,0.42863,2,58.58,70.88,0.57137,3,3,11.76,-110.75,0.44159,2,44.15,100.75,0.55783,4,-91.96,-87.94,5.8E-4,3,3,19.3,-91.81,0.45401,2,27.33,89.24,0.52811,4,-79.21,-72.04,0.01788,3,3,32.78,-77.25,0.50023,2,8.02,84.68,0.40434,4,-62.05,-62.07,0.09543,3,3,55.57,-64.81,0.451,2,-17.83,87.08,0.16732,4,-36.61,-56.86,0.38169,3,3,68.9,-61.93,0.27462,2,-30.5,92.13,0.06457,4,-23.02,-58.02,0.66081,3,3,75.87,-71.94,0.15446,2,-30.7,104.33,0.0268,4,-19.29,-69.63,0.81874,3,3,90.38,-79.51,0.07507,2,-38.51,118.71,0.00834,4,-7.64,-81.13,0.91659,3,3,99.91,-85.97,0.04753,2,-42.81,129.39,0.0034,4,-0.43,-90.1,0.94908,3,3,110.62,-82.81,0.03104,2,-53.46,132.74,0.00142,4,10.73,-90.22,0.96755,2,3,133.01,-76.21,0.00348,4,34.08,-90.47,0.99652,1,4,48.74,-86.2,1,2,3,138.91,-58.21,5.7E-4,4,45,-75,0.99943,2,3,128.42,-57.07,0.00566,4,35.3,-70.83,0.99434,3,3,125.02,-47.7,0.00832,2,-85.01,111.65,3.0E-5,4,34.8,-60.88,0.99165,2,3,126.9,-36.14,0.00191,4,39.99,-50.38,0.99809,1,4,46.7,-68.72,1,1,4,58.29,-85.29,1,1,4,75.51,-88.92,1,1,4,108.54,-75.27,1,1,4,152.36,-59.1,1,1,4,165.63,-35.08,1,1,4,166.03,2.27,1,1,4,149.91,14.62,1,1,4,136.53,16.59,1,1,4,133.33,22.14,1,1,4,130.75,26.6,1,1,4,118.84,32.42,1,1,4,125.05,43.72,1,1,4,140.96,50.45,1,1,4,150.23,63.54,1,1,4,146.61,66.43,1,1,4,120.79,63.05,1,2,3,149.87,86.84,3.0E-5,4,98.03,60.45,0.99997,2,3,124.27,87.53,0.00658,4,73.75,68.63,0.99342,2,3,108.71,87.18,0.01691,4,58.77,72.85,0.98309,2,3,95.41,74.15,0.04223,4,42.24,64.3,0.95777,2,3,94.65,59.53,0.11818,4,37.22,50.55,0.88182,2,3,79.23,68.74,0.31363,4,25.18,63.87,0.68637,2,3,65.66,73.84,0.40074,4,13.7,72.73,0.59926,2,3,52.23,69.87,0.46881,4,-0.3,72.88,0.53119,3,3,40.97,56.39,0.5953,2,-73.37,-21.64,6.0E-5,4,-15.02,63.29,0.40464,3,3,35.76,45.33,0.76224,2,-62.88,-15.36,0.0051,4,-23.24,54.24,0.23266,3,3,19.48,48.15,0.89206,2,-50.94,-26.79,0.06873,4,-37.98,61.71,0.03921,3,3,13.31,62.59,0.88341,2,-53.89,-42.22,0.1108,4,-39.64,77.33,0.00579,2,3,-8.3,56.22,0.81572,2,-32.39,-48.99,0.18428,3,3,-5.69,46.65,0.7342,2,-29.22,-39.59,0.26554,4,-62.48,67.66,2.6E-4,2,3,-22.5,46.98,0.3759,2,-15.45,-49.25,0.6241,2,3,-54.05,42.72,0.04367,2,13.11,-63.32,0.95633,2,3,-65.54,39.33,0.02132,2,24.53,-66.92,0.97868,2,3,-56.87,15.67,0.00839,2,30.53,-42.45,0.99161,3,3,29.06,15.36,0.46834,2,-40.59,5.76,0.2514,4,-38.44,27.56,0.28026,3,3,52.85,-29.67,0.35272,2,-35.19,56.41,0.14152,4,-28.9,-22.47,0.50576,3,3,70.44,17.54,0.25223,2,-76.14,27.05,0.08494,4,1.76,17.51,0.66284,3,3,102.77,22.07,0.17885,2,-105.49,41.34,0.06018,4,33.99,12.35,0.76097,3,3,123.41,28.16,0.13834,2,-126.02,47.81,0.04654,4,55.52,12.12,0.81513,3,3,130.26,33.28,0.12034,2,-134.56,47.38,0.0402,4,63.56,15.01,0.83946,3,3,134.11,50.18,0.08483,2,-147.18,35.51,0.01726,4,72.2,30.03,0.89791,3,3,158.72,55.77,0.04334,2,-170.72,44.61,0.01223,4,97.37,28.16,0.94444,3,3,180.88,61.59,0.01323,2,-192.36,52.14,0.00373,4,120.26,27.22,0.98304],"type":"mesh","hull":59}},"duitr":{"duitr":{"rotation":-57.21,"x":25.12,"width":53,"y":-3.84,"height":51}},"tayp":{"tayp":{"rotation":112.74,"x":40.45,"width":130,"y":-32.92,"height":71}},"chantr":{"chantr":{"rotation":83.95,"x":20.38,"width":52,"y":-0.88,"height":52}},"rau":{"rau":{"triangles":[11,30,12,12,30,13,11,10,30,30,29,13,30,10,29,10,9,29,14,13,28,13,29,28,28,27,14,14,27,15,28,29,8,29,9,8,8,7,28,28,7,27,7,6,27,5,4,25,27,26,15,15,26,16,26,25,16,16,25,17,26,6,25,25,24,17,17,24,18,25,4,24,4,3,24,24,19,18,25,6,5,27,6,26,24,23,19,24,3,23,23,20,19,23,22,20,3,2,23,23,2,22,22,21,20,2,1,22,1,0,22,22,0,21],"uvs":[0.5282,0,0.41885,0,0.29389,0.12345,0.14809,0.24828,0.03354,0.39525,0.04656,0.48787,0.11946,0.52411,0.01532,0.60867,0,0.71135,0,0.8402,0.0752,0.95496,0.17413,1,0.22099,1,0.35116,0.94087,0.5334,0.85429,0.59328,0.74557,0.8354,0.63484,0.94735,0.508,0.99999,0.36304,0.9109,0.23419,0.80677,0.12345,0.65577,0,0.5282,0.12547,0.50477,0.25231,0.48133,0.38519,0.44228,0.46773,0.42927,0.49995,0.3824,0.60464,0.28868,0.70128,0.19756,0.84825,0.18454,0.95496],"vertices":[1,12,-3.46,-0.77,1,1,12,-2.82,-7.08,1,2,12,7.13,-13.35,0.94971,13,-10.3,-15.4,0.05029,2,12,17.3,-20.81,0.68349,13,1.02,-20.96,0.31651,3,12,28.94,-26.31,0.29491,13,13.45,-24.32,0.63796,14,2.75,-24.06,0.06713,2,13,19.92,-21.68,0.73001,14,8.5,-20.1,0.26999,2,13,21.37,-16.87,0.60651,14,8.88,-15.08,0.39349,2,12,44.97,-25.73,8.6E-4,14,17.34,-17.38,0.99914,1,14,24.53,-14.5,1,1,14,33.03,-9.91,1,1,14,38.53,-1.98,1,1,14,38.77,4.68,1,2,13,54.07,-1.4,1.0E-4,14,37.48,7.07,0.9999,2,13,47.73,4.64,0.01831,14,29.99,11.6,0.98169,2,13,38.59,13.02,0.18191,14,19.25,17.81,0.81809,3,12,51.79,8.66,2.7E-4,13,29.79,14.12,0.51956,14,10.43,16.99,0.48017,3,12,42.1,21.78,0.06956,13,17.95,25.34,0.92205,14,-3.56,25.39,0.00838,2,12,31.98,27.28,0.2161,13,7.02,28.97,0.7839,2,12,20.85,29.22,0.40686,13,-4.27,28.91,0.59314,2,12,11.76,23.1,0.65103,13,-12.15,21.29,0.34897,2,12,4.11,16.25,0.90806,13,-18.47,13.2,0.09194,2,12,-4.21,6.59,0.99997,13,-24.97,2.24,3.0E-5,1,12,5.9,0.19,1,2,12,15.5,-0.2,0.99838,13,-4.37,-0.98,0.00162,1,13,5.59,0.45,1,2,12,31.94,-2.17,1.0E-5,13,12.16,-0.03,0.99999,2,12,34.42,-2.68,2.0E-5,13,14.69,-0.09,0.99998,2,13,22.99,-0.55,0.05909,14,6.95,1.2,0.94091,1,14,15.91,-0.13,1,2,13,43.5,-5.84,1.2E-4,14,28.12,0.46,0.99988,1,14,35.52,3.6,1],"type":"mesh","hull":22}},"ruong":{"ruong":{"x":40.27,"width":80,"y":-311,"height":60}},"taytr":{"taytr":{"rotation":127.98,"x":25.2,"width":81,"y":3.55,"height":51}},"chanp":{"chanp":{"rotation":79.76,"x":19.31,"width":44,"y":-0.79,"height":53}}}},"skeleton":{"width":257.06,"spine":"3.7.94","hash":"do7lVV/g92ZIcWcBflhkKvgs2wE","height":333},"slots":[{"attachment":"ruong","name":"ruong","bone":"bone"},{"attachment":"tayp","name":"tayp","bone":"bone7"},{"attachment":"chanp","name":"chanp","bone":"bone8"},{"attachment":"Layer 686","name":"Layer 686",