{"skins":{"default":{"hl":{"Poker":{"triangles":[1,16,2,1,17,16,0,17,1,2,15,3,2,16,15,4,14,13,3,14,4,3,15,14,5,12,6,5,13,12,4,13,5,7,11,10,6,11,7,6,12,11,8,10,9,7,10,8],"uvs":[1,1,0.875,1,0.75,1,0.625,1,0.5,1,0.375,1,0.25,1,0.125,1,0,1,0,0,0.125,0,0.25,0,0.375,0,0.5,0,0.625,0,0.75,0,0.875,0,1,0],"vertices":[1,16,24.15,-41.45,1,2,15,35.15,-42.78,0.22757,16,-0.29,-41.45,0.77243,3,14,44.81,-41.45,0.10848,15,10.7,-42.78,0.77166,16,-24.74,-41.45,0.11986,3,13,64.51,-40.56,0.01536,14,20.2,-41.45,0.74544,15,-13.91,-42.78,0.2392,3,13,35.44,-40.56,0.43771,14,-8.86,-41.45,0.56228,15,-42.97,-42.78,1.0E-5,3,12,43.9,-39.68,0.1326,13,5.36,-40.56,0.81984,14,-38.94,-41.45,0.04756,3,11,48.56,-39.23,0.01467,12,18.88,-39.68,0.77663,13,-19.66,-40.56,0.20871,2,11,21.48,-39.23,0.62768,12,-8.2,-39.68,0.37232,1,11,-4.56,-39.23,1,1,11,-4.56,48.82,1,2,11,21.56,48.82,0.60827,12,-8.12,48.38,0.39173,3,11,48.56,48.82,0.01526,12,18.88,48.38,0.78463,13,-19.67,47.49,0.20012,3,12,43.68,48.38,0.12189,13,5.14,47.49,0.85086,14,-39.16,46.6,0.02725,2,13,35.58,47.49,0.42501,14,-8.72,46.6,0.57499,3,13,64.64,47.49,0.00295,14,20.34,46.6,0.7589,15,-13.77,45.28,0.23815,3,14,44.81,46.6,0.05109,15,10.7,45.28,0.87853,16,-24.74,46.6,0.07038,2,15,35.15,45.28,0.21734,16,-0.29,46.6,0.78266,1,16,24.15,46.6,1],"edges":[0,2,2,4,4,6,6,8,8,10,10,12,12,14,14,16,16,18,18,20,20,22,22,24,24,26,26,28,28,30,30,32,32,34,34,0,0,34],"width":190,"type":"mesh","hull":18,"height":86}},"icon1":{"Layer 1":{"x":7.32,"width":134,"y":7.05,"height":133}},"icon2":{"Layer 1 copy":{"x":7.32,"width":134,"y":7.05,"height":133}},"Mini":{"Mini":{"x":-0.89,"width":115,"y":2.68,"height":69}},"fc10":{"fc":{"rotation":-31.33,"x":0.94,"width":32,"y":-0.86,"height":30}},"fc4":{"fc":{"rotation":-31.33,"x":0.94,"width":32,"y":-0.86,"height":30}},"fc3":{"fc":{"rotation":-31.33,"x":0.94,"width":32,"y":-0.86,"height":30}},"as14":{"as11":{"x":-4.36,"width":121,"y":-3.95,"height":105}},"fc6":{"fc":{"rotation":-31.33,"x":0.94,"width":32,"y":-0.86,"height":30}},"as13":{"as11":{"x":-4.36,"width":121,"y":-3.95,"height":105}},"fc5":{"fc":{"rotation":-31.33,"x":0.94,"width":32,"y":-0.86,"height":30}},"fc8":{"fc":{"rotation":-31.33,"x":0.94,"width":32,"y":-0.86,"height":30}},"as15":{"as11":{"x":-1.41,"width":121,"y":-2.71,"height":105}},"fc":{"fc":{"rotation":-31.33,"x":0.94,"width":32,"y":-0.86,"height":30}},"as12":{"as11":{"x":-4.36,"width":121,"y":-3.95,"height":105}},"as11":{"as11":{"x":-0.63,"width":121,"y":-4.89,"height":105}}}},"skeleton":{"images":"./images/","width":237.31,"spine":"3.7.93","audio":"../../game 2-16/ani/cuopbien/","hash":"TQTD6sAU+mRiATgfq6lDzjizq68","height":175.06},"slots":[{"attachment":"Layer 1","name":"icon1","bone":"icon1"},{"name":"icon2","bone":"icon1"},{"attachment":"Mini","name":"Mini","bone":"Mini"},{"attachment":"Poker","name":"hl","bone":"cuop"},{"name":"fc","bone":"fc"},{"name":"fc6","bone":"fc6"},{"name":"fc3","bone":"fc3"},{"name":"fc10","bone":"fc10"},{"name":"fc4","bone":"fc4"},{"name":"fc8","bone":"fc8"},{"name":"fc5","bone":"fc5"},{"attachment":"as11","name":"as11","bone":"as11"},{"attachment":"as11","name":"as12","bone":"as12"},{"attachment":"as11","name":"as13","bone":"as13"},{"attachment":"as11","name":"as14","bone":"as14"},{"attachment":"as11","name":"as15","bone":"as15"}],"bones":[{"name":"root"},{"parent":"root","name":"all","x":-42.59,"y":-57.45},{"scaleX":0.873,"parent":"all","scaleY":0.911,"name":"cuop","x":49.81,"y":37.43},{"scaleX":0.913,"parent":"all","scaleY":0.913,"name":"FX-DC","x":-42.4,"y":195.73},{"parent":"FX-DC","rotation":31.33,"name":"fc","x":-23.28,"y":-53.4},{"scaleX":0.313,"parent":"FX-DC","scaleY":0.313,"rotation":31.33,"name":"fc3","x":19.09,"y":-52.18},{"scaleX":0.313,"parent":"FX-DC","scaleY":0.313,"rotation":31.33,"name":"fc4","x":-64.37,"y":-66.12},{"scaleX":0.313,"parent":"FX-DC","scaleY":0.313,"rotation":31.33,"name":"fc5","x":125.14,"y":-49.68},{"parent":"FX-DC","rotation":15.65,"name":"fc6","x":68.05,"y":-54.25},{"scaleX":0.403,"parent":"FX-DC","scaleY":0.403,"rotation":32.38,"name":"fc8","x":-64.06,"y":-110.46},{"scaleX":0.313,"parent":"FX-DC","scaleY":0.313,"rotation":31.33,"name":"fc10","x":-2.11,"y":-49.81},{"parent":"cuop","name":"cuop2","x":-81.56,"y":4.09},{"parent":"cuop","name":"cuop3","x":-56.18,"y":4.54},{"parent":"cuop","name":"cuop4","x":-17.64,"y":5.42},{"parent":"cuop","name":"cuop5","x":15.71,"y":6.31},{"parent":"cuop","name":"cuop6","x":49.83,"y":7.64},{"parent":"cuop","name":"cuop7","x":85.27,"y":6.31},{"parent":"all","name":"icon1","x":-5.41,"y":66.92},{"scaleX":0.446,"parent":"all","scaleY":0.446,"name":"as11","x":41.13,"y":113.68},{"scaleX":0.542,"parent":"all","scaleY":0.542,"rotation":-78.59,"name":"as12","x":-39.25,"y":43.47},{"scaleX":0.469,"parent":"all","scaleY":0.469,"rotation":-52.76,"name":"as13","x":111.88,"y":29.42},{"scaleX":0.551,"parent":"all","scaleY":0.551,"rotation":-59.77,"name":"as14","x":41.35,"y":64.7},{"scaleX":0.592,"parent":"all","scaleY":0.592,"rotation":-59.77,"name":"as15","x":-44.67,"y":120.97},{"parent":"all","name":"Mini","x":88.62,"y":73.64}],"animations":{"animation":{"slots":{"icon2":{"color":[{"color":"ffffff00","time":0},{"color":"ffffffff","time":0.2333},{"color":"ffffff00","time":0.5},{"color":"ffffffff","time":0.7333},{"color":"ffffff00","time":1},{"color":"ffffffff","time":1.2333},{"color":"ffffff00","time":1.5},{"color":"ffffffff","time":1.7333},{"color":"ffffff00","time":2}],"attachment":[{"name":"Layer 1 copy","time":0}]},"fc10":{"attachment":[{"name":"fc","time":0},{"name":null,"time":0.5333},{"name":"fc","time":1.3},{"name":"fc","time":2}]},"fc4":{"attachment":[{"name":null,"time":0},{"name":"fc","time":0.2333},{"name":null,"time":1.4333},{"name":null,"time":2}]},"fc3":{"attachment":[{"name":null,"time":0},{"name":"fc","time":0.1},{"name":null,"time":1.3333},{"name":null,"time":2}]},"as14":{"color":[{"color":"ffffffff","time":0},{"color":"ffffff50","time":0.0667},{"color":"ffffffff","time":0.1667},{"color":"ffffff50","time":0.2333},{"color":"ffffffff","time":0.3333},{"color":"ffffff50","time":0.4},{"color":"ffffffff","time":0.5},{"color":"ffffff50","time":0.5667},{"color":"ffffffff","time":0.6667},{"color":"ffffff50","time":0.7333},{"color":"ffffffff","time":0.8333},{"color":"ffffff50","time":0.9},{"color":"ffffffff","time":1},{"color":"ffffff50","time":1.0667},{"color":"ffffffff","time":1.1667},{"color":"ffffff50","time":1.2333},{"color":"ffffffff","time":1.3333},{"color":"ffffff50","time":1.4},{"color":"ffffffff","time":1.5},{"color":"ffffff50","time":1.5667},{"color":"ffffffff","time":1.6667},{"color":"ffffff50","time":1.7333},{"color":"ffffffff","time":1.8333},{"color":"ffffff50","time":1.9},{"color":"ffffffff","time":2}]},"fc6":{"attachment":[{"name":"fc","time":0},{"name":null,"time":1.1},{"name":"fc","time":1.2667},{"name":"fc","time":2}]},"as13":{"color":[{"color":"ffffffff","time":0},{"color":"ffffff50","time":0.0667},{"color":"ffffffff","time":0.1667},{"color":"ffffff50","time":0.2333},{"color":"ffffffff","time":0.3333},{"color":"ffffff50","time":0.4},{"color":"ffffffff","time":0.5},{"color":"ffffff50","time":0.5667},{"color":"ffffffff","time":0.6667},{"color":"ffffff50","time":0.7333},{"color":"ffffffff","time":0.8333},{"color":"ffffff50","time":0.9},{"color":"ffffffff","time":1},{"color":"ffffff50","time":1.0667},{"color":"ffffffff","time":1.1667},{"color":"ffffff50","time":1.2333},{"color":"ffffffff","time":1.3333},{"color":"ffffff50","time":1.4},{"color":"ffffffff","time":1.5},{"color":"ffffff50","time":1.5667},{"color":"ffffffff","time":1.6667},{"color":"ffffff50","time":1.7333},{"color":"ffffffff","time":1.8333},{"color":"ffffff50","time":1.9},{"color":"ffffffff","time":2}]},"fc5":{"attachment":[{"name":null,"time":0},{"name":"fc","time":0.1667},{"name":null,"time":2}]},"fc8":{"attachment":[{"name":null,"time":0},{"name":"fc","time":0.8},{"name":null,"time":2}]},"as15":{"color":[{"color":"ffffffff","time":0},{"color":"ffffff50","time":0.0667},{"color":"ffffffff",