{"skins":[{"attachments":{"Layer 7":{"Layer 7":{"triangles":[8,6,7,8,10,6,9,10,8,10,11,5,10,5,6,1,2,3,4,1,3,4,0,1,5,0,4,5,14,0,23,21,22,24,20,21,24,19,20,24,25,26,23,24,21,26,19,24,0,19,26,0,16,19,15,0,14,17,18,16,16,0,15,19,16,18,5,13,14,11,13,5,12,13,11],"uvs":[0.39575,0.18617,0.44101,0.06998,0.48575,0,0.56628,0,0.65996,0.11569,0.77996,0.32141,0.8647,0.37569,0.97417,0.41093,1,0.51474,1,0.65569,0.91101,0.7814,0.82733,0.9595,0.77312,1,0.68101,1,0.55259,1,0.42943,1,0.32575,0.96712,0.22733,0.97855,0.1168,0.88998,0.04049,0.68807,0.0068,0.46564,0,0.23612,0.00522,0.07457,0.07101,0,0.17259,0,0.28628,0,0.34522,0.12124],"vertices":[2,6,8.63,-11.3,0.22806,5,14.39,4.5,0.77194,2,6,10.59,-13.55,0.03002,5,17.14,3.32,0.96998,3,6,11.61,-15.55,0.00378,5,18.92,1.95,0.99621,7,5.55,20.35,1.0E-5,2,5,19.55,-1.04,0.98861,7,7.68,18.15,0.01139,2,5,17.9,-5.02,0.88528,7,8.4,13.9,0.11472,2,5,14.6,-10.37,0.41306,7,8.47,7.62,0.58694,2,5,14.14,-13.75,0.12123,7,9.89,4.51,0.87877,2,5,14.27,-17.98,0.00262,7,12.24,1.01,0.99738,1,7,11.36,-1.21,1,1,7,9.23,-3.27,1,1,7,4.98,-2.67,1,1,4,-0.03,-15.41,1,1,4,-0.95,-13.38,1,1,4,-1.07,-9.88,1,1,4,-1.24,-5.01,1,1,4,-1.4,-0.33,1,1,4,-0.84,3.63,1,1,4,-1.21,7.36,1,1,4,0.5,11.62,1,1,6,1.59,4.32,1,1,6,6.43,4.45,1,1,6,11.17,3.56,1,1,6,14.42,2.56,1,2,6,15.35,-0.24,0.99881,5,15.7,17.38,0.00119,2,6,14.43,-3.99,0.92134,5,16.49,13.6,0.07866,2,6,13.41,-8.19,0.75372,5,17.37,9.37,0.24628,2,6,10.41,-9.76,0.54064,5,15.34,6.66,0.45936],"edges":[0,2,2,4,4,6,6,8,8,10,10,12,12,14,14,16,16,18,18,20,20,22,22,24,24,26,26,28,28,30,30,32,32,34,34,36,36,38,38,40,40,42,42,44,44,46,46,48,48,50,50,52,0,52],"width":38,"type":"mesh","hull":27,"height":21}},"Layer 8":{"Layer 8":{"x":-4.21,"width":132,"y":3.62,"height":133}},"X2":{"X2":{"x":-1.34,"width":67,"y":-0.8,"height":47}},"Layer 4":{"Layer 4":{"triangles":[30,29,4,34,33,16,29,30,23,24,23,33,33,17,16,23,22,33,33,32,17,33,22,32,22,23,31,4,3,30,23,30,31,30,3,31,32,18,17,22,21,32,32,21,19,32,19,18,19,21,20,22,31,21,31,1,21,1,0,21,3,2,31,31,2,1,21,0,20,9,27,26,11,26,36,26,25,36,26,27,25,7,28,27,7,6,28,27,28,25,36,35,13,36,25,35,13,35,14,35,34,14,35,25,34,28,5,29,28,29,25,25,24,34,25,29,24,4,29,5,6,5,28,14,34,15,34,16,15,34,24,33,29,23,24,12,36,13,12,11,36,8,7,27,8,27,9,9,26,10,10,26,11],"uvs":[0.50663,0,0.36929,0,0.23682,0.07249,0.09826,0.2652,0.0132,0.4534,0,0.65808,0.01077,0.78256,0.11043,0.925,0.2429,0.99083,0.36322,1,0.49813,1,0.61724,0.99442,0.74364,0.9633,0.8907,0.87832,0.97942,0.76102,1,0.64252,1,0.50606,0.95268,0.3325,0.87733,0.16852,0.77767,0.04643,0.63912,0,0.51903,0.09655,0.50813,0.27891,0.49906,0.45948,0.49906,0.61503,0.49724,0.78309,0.49543,0.92791,0.3157,0.91182,0.303,0.78488,0.303,0.62397,0.2921,0.45948,0.2921,0.26997,0.77318,0.28427,0.76229,0.472,0.76229,0.62933,0.75684,0.80991,0.73869,0.90466],"vertices":[1,3,38.1,0.72,1,1,3,37.8,9.64,1,3,1,-16.73,60.28,0,2,56.81,17.27,0.00251,3,32.72,18.08,0.99748,3,1,-25.74,47.56,0.004,2,44,26.15,0.09589,3,19.7,26.65,0.90012,3,1,-31.27,35.14,0.02248,2,31.53,31.57,0.32755,3,7.1,31.75,0.64997,3,1,-32.13,21.63,0.06865,2,18.02,32.3,0.60407,3,-6.43,32.15,0.32729,3,1,-31.43,13.42,0.10861,2,9.81,31.52,0.70787,3,-14.62,31.17,0.18352,3,1,-24.95,4.02,0.18289,2,0.47,24.95,0.75797,3,-23.79,24.37,0.05914,3,1,-16.34,-0.33,0.6386,2,-3.8,16.3,0.35637,3,-27.84,15.62,0.00503,3,1,-8.52,-0.93,0.80198,2,-4.33,8.48,0.19801,3,-28.18,7.78,1.0E-5,1,1,0.25,-0.93,1,3,1,7.99,-0.57,0.73641,2,-3.81,-8.03,0.26262,3,-27.25,-8.71,9.7E-4,3,1,16.21,1.49,0.51203,2,-1.68,-16.23,0.46806,3,-24.91,-16.85,0.01991,3,1,25.77,7.1,0.05455,2,4.02,-25.73,0.80178,3,-18.98,-26.21,0.14366,3,1,31.54,14.84,0.02206,2,11.82,-31.43,0.69867,3,-11.05,-31.71,0.27926,3,1,32.87,22.66,0.00859,2,19.65,-32.69,0.57001,3,-3.18,-32.78,0.4214,3,1,32.87,31.67,0.00139,2,28.66,-32.61,0.38647,3,5.82,-32.47,0.61213,2,2,40.08,-29.42,0.16275,3,17.16,-29.01,0.83725,2,2,50.86,-24.43,0.03525,3,27.81,-23.74,0.96475,2,2,58.86,-17.87,0.00244,3,35.64,-16.99,0.99756,1,3,38.4,-7.89,1,1,3,31.76,-0.3,1,1,3,19.71,-0.01,1,2,1,0.31,34.74,1.0E-5,3,7.78,0.18,0.99999,2,2,21.16,-0.11,0.9964,3,-2.48,-0.18,0.0036,2,2,10.07,-0.1,0.99998,3,-13.57,-0.44,2.0E-5,1,2,0.51,-0.07,1,3,1,-11.61,4.89,0.25239,2,1.46,11.62,0.74161,3,-22.47,11.07,0.00601,3,1,-12.43,13.26,0.09225,2,9.83,12.52,0.85841,3,-14.12,12.18,0.04933,3,1,-12.43,23.88,0.0244,2,20.45,12.62,0.65388,3,-3.51,12.54,0.32172,3,1,-13.14,34.74,0.00678,2,31.3,13.43,0.18352,3,7.32,13.62,0.8097,3,1,-13.14,47.25,6.9E-4,2,43.81,13.55,0.02479,3,19.82,14.05,0.97452,2,2,43.16,-17.73,0.05696,3,19.94,-17.24,0.94304,3,1,17.42,33.91,9.0E-5,2,30.76,-17.14,0.25337,3,7.54,-16.95,0.74655,3,1,17.42,23.53,0.00577,2,20.38,-17.23,0.60321,3,-2.84,-17.31,0.39102,3,1,17.07,11.61,0.05449,2,8.46,-16.99,0.83662,3,-14.77,-17.36,0.10889,3,1,15.89,5.36,0.12132,2,2.19,-15.87,0.83201,3,-21.06,-16.4,0.04667],"edges":[0,2,2,4,4,6,6,8,8,10,10,12,12,14,14,16,16,18,18,20,20,22,22,24,24,26,26,28,28,30,30,32,32,34,34,36,36,38,38,40,0,40],"width":65,"type":"mesh","hull":21,"height":66}},"Layer 5":{"Layer 5":{"triangles":[13,12,33,12,10,33,13,33,14,12,11,10,15,14,32,10,9,33,14,33,32,33,9,32,9,8,32,15,32,16,16,32,17,17,32,31,17,31,18,19,18,31,32,8,31,31,30,19,8,7,31,7,6,31,31,6,30,6,29,30,6,5,29,30,29,19,29,20,19,20,29,28,29,5,28,5,4,28,28,21,20,4,27,28,28,27,21,4,3,27,27,22,21,3,26,27,27,26,22,3,2,26,2,25,26,25,23,26,22,26,23,2,1,25,24,25,1,24,1,0,25,24,23],"uvs":[0.02137,0.01237,0,0.05543,0.1989,0.18763,0.38558,0.33159,0.50499,0.46344,0.57226,0.62086,0.60085,0.75204,0.50835,0.78917,0.49322,0.85039,0.54535,0.8773,0.44781,0.91699,0.3284,0.94255,0.35867,1,0.55544,1,0.68158,0.97955,0.8279,0.92708,0.94899,0.90017,1,0.85039,1,0.78715,0.89517,0.74343,0.89012,0.61696,0.86658,0.44339,0.73876,0.28665,0.49994,0.12587,0.1804,0,0.33008,0.14672,0.54199,0.26512,0.64963,0.39025,0.75222,0.5147,0.76231,0.62772,0.76735,0.74612,0.73372,0.80868,0.70008,0.87326,0.54703,0.93246],"vertices":[1,13,-2.29,-1.21,1,1,13,-0.64,-2.98,1,1,13,7.82,-3.66,1,2,13,16.65,-4.94,0.2328,14,2.33,-4.46,0.7672,2,14,10.04,-4.29,0.94995,15,-2.94,-5.41,0.05005,2,14,18.72,-5.66,0.008,15,5.75,-4.14,0.992,3,15,12.98,-3.69,0.32046,16,1.04,-3.54,0.64919,17,-2.82,-6.38,0.03035,3,15,14.97,-5.77,0.02154,16,3.45,-5.12,0.7916,17,0.06,-6.26,0.18687,2,16,6.82,-4.76,0.4768,17,2.58,-4,0.5232,2,16,8.03,-3.33,0.16181,17,2.74,-2.14,0.83819,1,17,5.79,-1.98,1,1,17,8.68,-2.72,1,1,17,10.33,0.06,1,1,17,7.14,2.99,1,1,17,4.33,4.03,1,2,16,9.44,3.31,0.37142,17,0.01,4.09,0.62858,2,16,7.45,5.62,0.83138,17,-2.95,4.8,0.16862,2,16,4.54,6.16,0.97888,17,-5.63,3.54,0.02112,2,15,15.12,5.04,0.02728,16,1.13,5.45,0.97272,2,15,12.66,2.8,0.48281,16,-0.75,2.7,0.51719,1,15,5.7,2.85,1,2,14,11.55,3.6,0.99701,15,-3.85,2.57,0.00299,2,13,19.17,2.81,0.00954,14,2.48,3.7,0.99046,1,13,8.92,3.7,1,1,13,-0.8,2.02,1,1,13,7.68,-0.01,1,2,13,15.69,-0.02,0.52633,14,-0.03,-0.02,0.47367,1,14,7.25,0.01,1,2,14,14.46,-0.04,0.49962,15,0.01,-0.04,0.50038,1,15,6.23,0.03,1,3,15,12.74,-0.02,0.52801,16,-0.03,-0.03,0.47199,17,-5.74,-4.15,0,3,15,16.16,-0.84,7.0E-5,16,3.49,-0.05,0.99927,17,-2.87,-2.11,6.7E-4,2,16,7.12,-0.04,0.43316,17,0.08,0,0.56684,1,17,4.76,0.12,1],"edges":[0,2,2,4,4,6,6,8,8,10,10,12,12,14,14,16,16,18,18,20,20,22,22,24,24,26,26,28,28,30,30,32,32,34,34,36,36,38,38,40,40,42,42,44,44,46,46,48,0,48],"width":22,"type":"mesh","hull":25,"height":55}},"Layer 6":{"Layer 6":{"triangles":[16,15,37,15,14,37,14,13,37,12,11,13,37,11,35,37,13,11,37,17,16,37,18,17,37,35,18,11,10,35,19,18,36,10,36,35,36,9,8,36,10,9,18,35,36,36,20,19,8,34,36,36,21,20,36,34,21,8,7,34,21,34,22,22,34,7,22,7,33,7,6,33,22,33,23,33,32,23,33,6,32,23,32,24,6,5,32,32,31,24,32,5,31,24,31,25,5,4,31,25,4,30,25,31,4,4,3,30,25,30,26,26,29,27,29,26,3,26,30,3,27,2,1,28,1,0,28,27,1,3,2,29,27,29,2],