{"skins":{"default":{"a":{"a":{"x":1.04,"width":42,"y":5.56,"height":43}},"C":{"C":{"x":-0.78,"width":35,"y":1.08,"height":35}},"chan2":{"chan2":{"rotation":142.36,"x":9.2,"width":67,"y":2.97,"height":44}},"coin2":{"coin2":{"x":-1.08,"width":44,"y":-4.41,"height":44}},"coin1":{"coin1":{"x":2.62,"width":47,"y":-3.95,"height":43}},"rau":{"rau":{"rotation":-109.3,"x":19.33,"width":49,"y":0.47,"height":71}},"H":{"H":{"x":-0.64,"width":26,"y":0.1,"height":26}},"I":{"I":{"x":-0.5,"width":17,"y":1.28,"height":23}},"L":{"L":{"x":-2.12,"width":18,"y":1.04,"height":23}},"tron1":{"tron1":{"x":2.82,"width":150,"y":-98.5,"height":151}},"tron2":{"tron2":{"x":2.32,"width":187,"y":-98,"height":186}},"N":{"N":{"x":0.18,"width":25,"y":0.32,"height":23}},"b1":{"b1":{"rotation":-71.84,"x":28.74,"width":53,"y":-17.62,"height":51}},"b2":{"b2":{"rotation":-46.68,"x":40.87,"width":71,"y":-8.75,"height":56}},"b3":{"b3":{"rotation":-6.55,"x":40.98,"width":75,"y":14.05,"height":47}},"3":{"3":{"x":-3.92,"width":54,"y":-0.68,"height":59}},"T":{"T":{"x":2.62,"width":21,"y":0.1,"height":24}},"u":{"u":{"x":1.52,"width":26,"y":3.28,"height":27}},"than":{"than":{"triangles":[17,15,14,17,16,15,14,10,17,13,12,11,13,10,14,4,19,10,11,10,13,9,4,10,7,6,5,4,7,5,8,4,9,7,4,8,4,3,2,19,4,21,10,19,17,18,17,19,21,20,19,4,2,21,2,0,21,1,0,2],"uvs":[0.75077,1,0.98495,0.9089,1,0.7397,1,0.57574,0.92558,0.55476,1,0.4236,1,0.26882,0.85797,0.11405,0.65842,0.02224,0.47042,0,0.28572,0,0.14225,0.01306,0.04,0.097,0.05155,0.21767,0,0.3567,0,0.54164,0,0.6387,0.06309,0.66625,0.01691,0.8184,0.06639,0.93251,0.21811,0.98891,0.38962,1],"vertices":[2,2,8.9,-46.24,0.98865,3,-50.62,-4.9,0.01135,3,2,48.82,-66.07,0.81136,3,-47.73,-49.39,0.17482,7,104.01,-105.74,0.01382,3,2,79.24,-45.96,0.50201,3,-15.06,-65.6,0.41683,7,99.35,-69.57,0.08116,3,2,107.2,-24.49,0.21412,3,17.54,-78.99,0.56942,7,92.39,-35.02,0.21647,3,2,103.03,-11.65,0.13327,3,26.56,-68.94,0.55752,7,79.02,-33.11,0.30921,3,2,133.15,-4.57,0.01304,3,47.8,-91.43,0.32031,7,85.92,-2.95,0.66664,3,2,159.54,15.7,2.0E-5,3,78.58,-104.08,0.1257,7,79.35,29.67,0.87427,2,3,118.59,-94.26,0.00594,7,48.97,57.49,0.99406,2,7,11.62,70.1,0.88789,6,91.03,39.43,0.11211,2,7,-20.84,68.44,0.53249,6,67.63,61.99,0.46751,3,7,-51.8,62.2,0.19075,6,41.92,80.33,0.79231,5,124.24,-1.85,0.01694,3,7,-75.3,54.6,0.06911,6,20.31,92.28,0.86601,5,125.35,22.82,0.06488,3,7,-88.87,33.46,0.0224,6,-4.4,87.74,0.83629,5,110.3,42.94,0.14131,3,7,-81.81,8.41,0.00286,6,-17.86,65.47,0.64846,5,84.37,45.09,0.34868,4,2,40.41,139.82,0.00858,6,-42.39,46.25,0.23868,5,56.25,58.53,0.74959,4,108.08,-2.4,0.00315,4,2,8.87,115.6,0.09773,6,-65.47,13.88,0.00885,5,16.98,64.82,0.78253,4,86.39,30.92,0.1109,4,2,-7.68,102.89,0.17579,3,70.02,84.32,2.0E-4,5,-3.62,68.12,0.63658,4,75,48.41,0.18743,4,2,-5.81,90.73,0.25646,3,60.45,76.59,0.00258,5,-11.18,58.41,0.50333,4,62.73,47.49,0.23764,4,2,-36.56,77.07,0.53857,3,33.19,96.33,2.3E-4,5,-42.23,71.38,0.19963,4,51.5,79.21,0.26157,3,2,-50.87,55.42,0.65109,5,-67.79,66.91,0.12264,4,31.03,95.16,0.22628,3,2,-44.68,27.46,0.7732,5,-83.87,43.21,0.0633,4,2.67,91.17,0.1635,3,2,-28.71,2.74,0.92579,5,-90.86,14.63,0.0145,4,-23.21,77.17,0.05971],"type":"mesh","hull":22}},"Y":{"Y":{"x":4.2,"width":34,"y":2.76,"height":35}},"rau2":{"rau":{"rotation":-109.3,"x":19.33,"width":49,"y":0.47,"height":71}},"chan1":{"chan1":{"rotation":-12.05,"x":21.51,"width":62,"y":3.1,"height":62}}}},"skeleton":{"width":189.01,"spine":"3.7.94","hash":"FoHESTlzllx44MD1RksWcbEXIm0","height":215},"slots":[{"attachment":"tron2","name":"tron2","bone":"bone"},{"attachment":"tron1","name":"tron1","bone":"bone"},{"attachment":"coin2","name":"coin2","bone":"bone17"},{"attachment":"chan1","name":"chan1","bone":"bone9"},{"attachment":"than","name":"than","bone":"root"},{"attachment":"chan2","name":"chan2","bone":"bone8"},{"attachment":"rau","name":"rau","bone":"bone10"},{"attachment":"rau","name":"rau2","bone":"bone11"},{"attachment":"b1","name":"b1","bone":"bone15"},{"attachment":"b2","name":"b2","bone":"bone14"},{"attachment":"b3","name":"b3","bone":"bone13"},{"attachment":"Y","name":"Y","bone":"bone21"},{"attachment":"a","name":"a","bone":"bone20"},{"attachment":"C","name":"C","bone":"bone19"},{"attachment":"H","name":"H","bone":"bone27"},{"attachment":"N","name":"N","bone":"bone26"},{"attachment":"I","name":"I","bone":"bone25"},{"attachment":"L","name":"L","bone":"bone24"},{"attachment":"u","name":"u","bone":"bone23"},{"attachment":"T","name":"T","bone":"bone22"},{"attachment":"3","name":"3","bone":"bone18"},{"attachment":"coin1","name":"coin1","bone":"bone16"}],"bones":[{"name":"root"},{"parent":"root","name":"bone","x":93.18},{"parent":"bone","rotation":52.48,"name":"bone2","length":30.08,"x":-1.89,"y":-171.31},{"parent":"bone2","rotation":59.86,"name":"bone3","length":33.62,"x":30.08},{"parent":"bone3","rotation":34.6,"name":"bone4","length":26.94,"x":35.78,"y":1.88},{"parent":"bone4","rotation":-47.83,"name":"bone5","length":33.65,"x":26.94},{"parent":"bone5","rotation":-63.61,"name":"bone6","length":31.92,"x":33.65},{"parent":"bone6","rotation":-46.89,"name":"bone7","length":29.12,"x":31.92},{"parent":"bone5","rotation":118.53,"name":"bone8","length":26.62,"x":-2.78,"y":18.39},{"parent":"bone5","rotation":-87.05,"name":"bone9","length":23.12,"x":-8.71,"y":-21.82},{"scaleX":1.296,"parent":"bone7","rotation":171.22,"name":"bone10","length":32.14,"x":45.89,"y":-4.22},{"parent":"bone7","rotation":120.69,"name":"bone11","length":32.14,"x":50.41,"y":3.42},{"parent":"bone","rotation":45,"name":"bone12","length":0.42,"x":-9.08,"y":-121.43},{"parent":"bone12","rotation":-61.36,"name":"bone13","length":54.71,"x":0.42},{"parent":"bone13","rotation":16.27,"name":"bone14","length":50.21,"x":-0.36,"y":-0.56},{"parent":"bone14","rotation":3.54,"name":"bone15","length":39.07,"x":-0.64,"y":-0.19},{"parent":"bone","name":"bone16","x":71.71,"y":-60.55},{"parent":"bone","name":"bone17","x":-47.09,"y":-95.59},{"parent":"bone","name":"bone18","x":-32.26,"y":-141.82},{"parent":"bone","name":"bone19","x":1.1,"y":-135.58},{"parent":"bone","name":"bone20","x":23.56,"y":-136.06},{"parent":"bone","name":"bone21","x":45.68,"y":-137.26},{"parent":"bone","name":"bone22","x":-7.3,"y":-159.1},{"parent":"bone","name":"bone23","x":8.3,"y":-160.78},{"parent":"bone","name":"bone24","x":22.94,"y":-160.54},{"parent":"bone","name":"bone25","x":31.82,"y":-160.78},{"parent":"bone","name":"bone26","x":42.14,"y":-159.82},{"parent":"bone","name":"bone27","x":58.46,"y":-159.1}],"animations":{"animation":{"slots":{"b2":{"color":[{"color":"ffffff00","curve":"stepped","time":0},{"color":"ffffff00","time":0.3333},{"color":"ffffffff","curve":"stepped","time":0.6667},{"color":"ffffffff","time":2.3333},{"color":"ffffff00","time":2.5}]},"b3":{"color":[{"color":"ffffff00","time":0},{"color":"ffffffff","curve":"stepped","time":0.3333},{"color":"ffffffff","time":2.1667},{"color":"ffffff00","time":2.3333}]},"b1":{"color":[{"color":"ffffff00","curve":"stepped","time":0},{"color":"ffffff00","time":0.6667},{"color":"ffffffff","curve":"stepped","time":1},{"color":"ffffffff","time":2.5},{"color":"ffffff00","time":2.6667}]}},"bones":{"bone17":{"rotate":[{"angle":0,"time":0},{"angle":-108.14,"time":0.5},{"angle":178.32,"time":1.3333},{"angle":0,"time":2.6667}],"translate":[{"curve":[0.25,0,0.75,1],"x":0,"y":0,"time":0},{"curve":[0.25,0,0.75,1],"x":0,"y":47.06,"time":1.3333},{"x":0,"y":0,"time":2.6667}]},"bone15":{"rotate":[{"angle":0,"time":0.6667},{"curve":"stepped","angle":17.03,"time":1},{"angle":17.03,"time":1.3333},{"angle":20.35,"time":1.6667},{"angle":17.03,"time":1.8333},{"angle":20.35,"time":2},{"curve":"stepped","angle":17.03,"time":2.1667},{"angle":17.03,"time":2.3333},{"angle":20.35,"time":2.5},{"angle":17.03,"time":2.6667}]},"bone26":{"translate":[{"x":0,"y":0,"time":0.8333},{"x":0,"y":-10,"time":1},{"x":0,"y":0,"time":1.1667}]},"bone27":{"translate":[{"x":0,"y":0,"time":1},{"x":0,"y":-10,"time":1.1667},{"x":0,"y":0,"time":1.3333}]},"bone16":{"rotate":[{"angle":0,