{"skins":{"default":{"star224":{"star222":{"scaleX":0.5,"scaleY":0.5,"x":-0.69,"width":128,"y":0.24,"height":128}},"star222":{"star222":{"scaleX":0.5,"scaleY":0.5,"x":-0.69,"width":128,"y":0.24,"height":128}},"star223":{"star222":{"scaleX":0.5,"scaleY":0.5,"x":-0.69,"width":128,"y":0.24,"height":128}},"tag_momo":{"tag_momo":{"triangles":[0,25,1,1,25,26,25,24,26,26,24,33,24,23,33,33,23,40,23,22,40,40,22,47,22,21,47,47,21,20,1,26,2,2,26,27,26,33,27,27,33,34,33,40,34,34,40,41,40,47,41,41,47,48,47,20,48,48,20,19,2,27,3,3,27,28,27,34,28,28,34,35,34,41,35,35,41,42,41,48,42,42,48,49,48,19,49,49,19,18,3,28,4,4,28,29,28,35,29,29,35,36,35,42,36,36,42,43,42,49,43,43,49,50,49,18,50,50,18,17,4,29,5,5,29,30,29,36,30,30,36,37,36,43,37,37,43,44,43,50,44,44,50,51,50,17,51,51,17,16,5,30,6,6,30,31,30,37,31,31,37,38,37,44,38,38,44,45,44,51,45,45,51,52,51,16,52,52,16,15,6,31,7,7,31,32,31,38,32,32,38,39,38,45,39,39,45,46,45,52,46,46,52,53,52,15,53,53,15,14,7,32,8,8,32,9,32,39,9,9,39,10,39,46,10,10,46,11,46,53,11,11,53,12,53,14,12,12,14,13],"uvs":[1,1,0.875,1,0.75,1,0.625,1,0.5,1,0.375,1,0.25,1,0.125,1,0,1,0,0.8,0,0.6,0,0.4,0,0.2,0,0,0.125,0,0.25,0,0.375,0,0.5,0,0.625,0,0.75,0,0.875,0,1,0,1,0.2,1,0.4,1,0.6,1,0.8,0.875,0.8,0.75,0.8,0.625,0.8,0.5,0.8,0.375,0.8,0.25,0.8,0.125,0.8,0.875,0.6,0.75,0.6,0.625,0.6,0.5,0.6,0.375,0.6,0.25,0.6,0.125,0.6,0.875,0.4,0.75,0.4,0.625,0.4,0.5,0.4,0.375,0.4,0.25,0.4,0.125,0.4,0.875,0.2,0.75,0.2,0.625,0.2,0.5,0.2,0.375,0.2,0.25,0.2,0.125,0.2],"vertices":[1,3,50.43,-12.28,1,2,3,40.66,-17.59,0.99896,2,66.36,-20.99,0.00104,3,3,30.89,-22.91,0.971,2,56.17,-25.46,0.0284,1,69.38,-33.76,6.0E-4,3,3,21.12,-28.22,0.8525,2,45.98,-29.92,0.13527,1,58.63,-36.61,0.01223,3,3,11.34,-33.54,0.62056,2,35.79,-34.39,0.32216,1,47.87,-39.46,0.05728,3,3,1.57,-38.86,0.36164,2,25.6,-38.85,0.48195,1,37.12,-42.31,0.15641,3,3,-8.2,-44.17,0.17111,2,15.41,-43.31,0.52862,1,26.37,-45.16,0.30027,3,3,-17.97,-49.49,0.06812,2,5.22,-47.78,0.4991,1,15.61,-48.01,0.43278,3,3,-27.75,-54.81,0.03673,2,-4.97,-52.24,0.47653,1,4.86,-50.86,0.48674,3,3,-33.67,-43.91,0.02572,2,-9.95,-40.88,0.43462,1,1.68,-38.88,0.53966,3,3,-39.6,-33.02,0.00644,2,-14.92,-29.52,0.29694,1,-1.5,-26.89,0.69663,2,2,-19.9,-18.17,0.09805,1,-4.67,-14.9,0.90195,2,2,-24.87,-6.81,0.00186,1,-7.85,-2.92,0.99814,1,1,-11.03,9.07,1,2,2,-19.66,9.01,0.00213,1,-0.27,11.92,0.99787,2,2,-9.47,13.48,0.19967,1,10.48,14.77,0.80033,3,3,-28.06,15.61,0.01037,2,0.72,17.94,0.73429,1,21.23,17.62,0.25534,3,3,-18.28,20.92,0.11385,2,10.91,22.41,0.86334,1,31.99,20.47,0.02281,2,3,-8.51,26.24,0.39105,2,21.1,26.87,0.60895,2,3,1.26,31.55,0.72149,2,31.29,31.33,0.27851,2,3,11.03,36.87,0.91715,2,41.48,35.8,0.08285,2,3,20.81,42.19,0.97461,2,51.67,40.26,0.02539,2,3,26.73,31.29,0.9887,2,56.65,28.9,0.0113,1,3,32.66,20.4,1,1,3,38.58,9.51,1,1,3,44.51,-1.38,1,2,3,34.74,-6.7,0.99985,2,61.38,-9.64,1.5E-4,3,3,24.96,-12.02,0.98351,2,51.19,-14.1,0.01632,1,66.2,-21.77,1.7E-4,3,3,15.19,-17.33,0.87158,2,41,-18.56,0.12046,1,55.45,-24.62,0.00796,3,3,5.42,-22.65,0.59567,2,30.81,-23.03,0.35788,1,44.7,-27.47,0.04644,3,3,-4.35,-27.96,0.31157,2,20.62,-27.49,0.54059,1,33.94,-30.32,0.14784,3,3,-14.13,-33.28,0.13619,2,10.43,-31.95,0.54868,1,23.19,-33.17,0.31513,3,3,-23.9,-38.6,0.0508,2,0.24,-36.42,0.47378,1,12.44,-36.03,0.47542,1,3,28.81,4.19,1,2,3,19.04,-1.12,0.99973,2,46.22,-2.74,2.7E-4,3,3,9.27,-6.44,0.94634,2,36.03,-7.21,0.05266,1,52.27,-12.64,0.001,3,3,-0.51,-11.76,0.45135,2,25.84,-11.67,0.53,1,41.52,-15.49,0.01865,3,3,-10.28,-17.07,0.15019,2,15.65,-16.13,0.73804,1,30.77,-18.34,0.11178,3,3,-20.05,-22.39,0.05522,2,5.46,-20.6,0.5824,1,20.01,-21.19,0.36238,3,3,-29.82,-27.7,0.01711,2,-4.73,-25.06,0.37103,1,9.26,-24.04,0.61186,2,3,22.89,15.09,0.99591,2,51.43,13.08,0.00409,2,3,13.11,9.77,0.97705,2,41.24,8.62,0.02295,2,3,3.34,4.45,0.89262,2,31.05,4.15,0.10738,3,3,-6.43,-0.86,4.0E-4,2,20.86,-0.31,0.99952,1,38.34,-3.5,8.0E-5,3,3,-16.21,-6.18,0.00551,2,10.67,-4.77,0.97169,1,27.59,-6.35,0.0228,3,3,-25.98,-11.5,0.00322,2,0.48,-9.24,0.49802,1,16.83,-9.2,0.49876,3,3,-35.75,-16.81,4.9E-4,2,-9.71,-13.7,0.14629,1,6.08,-12.05,0.85322,2,3,16.96,25.98,0.95072,2,46.46,24.44,0.04928,2,3,7.19,20.66,0.80595,2,36.27,19.97,0.19405,2,3,-2.59,15.35,0.46721,2,26.08,15.51,0.53279,3,3,-12.36,10.03,0.08984,2,15.89,11.05,0.90852,1,35.17,8.48,0.00165,3,3,-22.13,4.71,0.00196,2,5.7,6.58,0.93263,1,24.41,5.63,0.06541,2,2,-4.49,2.12,0.035,1,13.66,2.78,0.965,2,2,-14.68,-2.34,8.0E-5,1,2.9,-0.07,0.99992],"edges":[0,2,2,4,4,6,6,8,8,10,10,12,12,14,14,16,16,18,18,20,20,22,22,24,24,26,26,28,28,30,30,32,32,34,34,36,36,38,38,40,40,42,42,44,44,46,46,48,48,50,50,0],"width":89,"type":"mesh","hull":26,"height":62}}}},"skeleton":{"images":"","width":110.75,"spine":"3.6.52","hash":"klCuFyhnGCiLaf8olCA/pI7E2IE","height":99.93},"slots":[{"attachment":"tag_momo","name":"tag_momo","bone":"root"},{"color":"ffffff00","attachment":"star222","blend":"additive","name":"star222","bone":"bone4"},{"color":"ffffff00","attachment":"star222","blend":"additive","name":"star224","bone":"bone6"},{"color":"ffffff00","attachment":"star222","blend":"additive","name":"star223","bone":"bone5"}],"bones":[{"name":"root"},{"parent":"root","rotation":-14.85,"name":"bone","length":17.77,"x":0.11,"y":-2.56},{"parent":"bone","rotation":-8.81,"name":"bone2","length":27.34,"x":17.77},{"parent":"bone2","rotation":-4.89,"name":"bone3","length":29.46,"x":27.34},{"parent":"bone","rotation":14.85,"name":"bone4","length":12.3,"x":67.33,"y":7.32},{"parent":"bone2","rotation":23.65,"name":"bone5","length":12.3,"x":21.05,"y":-19.49},{"parent":"bone2","rotation":23.65,"name":"bone6","length":12.3,"x":-1.09,"y":10.05}],"animations":{"animation":{"slots":{"star224":{"color":[{"color":"ffffff00","time":0.1667},{"color":"ffffffba","curve":"stepped","time":0.3333},{"color":"ffffffba","time":0.6667},{"color":"ffffff00","time":0.8333}]},"star222":{"color":[{"color":"ffffff00","time":1.2667},{"color":"ffffffba","curve":"stepped","time":1.4333},{"color":"ffffffba","time":1.7667},{"color":"ffffff00","time":1.9333}]},"star223":{"color":[{"color":"ffffff00","time":0.6667},{"color":"ffffffba","curve":"stepped","time":0.8333},{"color":"ffffffba","time":1.1667},{"color":"ffffff00","time":1.3333}]}},"bones":{"bone3":{"rotate":[{"angle":0,"time":0},{"angle":-2.96,"time":1.3333},{"angle":0,"time":2.6667}],"scale":[{"curve":"stepped","x":1,"y":1,"time":0},{"x":1,"y":1,"time":2.6667}],"translate":[{"curve":"stepped","x":0,"y":0,"time":0},{"x":0,"y":0,"time":2.6667}]},"bone2":{"rotate":[{"angle":0,"time":0},{"angle":-9.08,"time":1.3333},{"angle":0,"time":2.6667}],"scale":[{"curve":"stepped","x":1,"y":1,"time":0},{"x":1,"y":1,"time":2.6667}],"translate":[{"curve":"stepped","x":0,"y":0,"time":0},{"x":0,"y":0,"time":2.6667}]},"bone5":{"rotate":[{"curve":[0,0.4,0.75,1],"angle":0,"time":0.6667},{"angle":166.3,"time":1.3333}],"scale":[{"x":0.5,"y":0.5,"time":0.6667},{"curve":"stepped","x":1,"y":1,"time":0.8333},{"x":1,"y":1,"time":1.1667},{"x":0.5,"y":0.5,"time":1.3333}],"translate":[{"curve":"stepped","x":0,"y":0,"time":0.6667},{"curve":"stepped","x":0,"y":0,"time":0.8333},{"x":0,"y":0,"time":1.1667}]},"bone4":{"rotate":[{"curve":[0,0.4,0.75,1],"angle":0,"time":1.2667},{"angle":166.3,"time":1.9333}],"scale":[{"x":0.5,"y":0.5,"time":1.2667},{"curve":"stepped","x":1,"y":1,"time":1.4333},{"x":1,"y":1,"time":1.7667},{"x":0.5,"y":0.5,"time":1.9333}],"translate":[{"curve":"stepped","x":0,"y":0,"time":1.2667},{"curve":"stepped","x":0,"y":0,"time":1.4333},{"x":0,"y":0,"time":1.7667}]},"bone":{"rotate":[{"angle":0,"time":0},{"angle":-5.02,"time":1.3333},{"angle":0,"time":2.6667}],"scale":[{"curve":"stepped","x":1,"y":1,"time":0},{"x":1,"y":1,"time":2.6667}],"translate":[{"curve":"stepped","x":0,"y":0,"time":0},{"x":0,"y":0,"time":2.6667}]},"bone6":{"rotate":[{"curve":[0,0.4,0.75,1],"angle":0,"time":0.1667},{"angle":166.3,"time":0.8333}],"scale":[{"x":0.5,"y":0.5,"time":0.1667},{"curve":"stepped","x":1,"y":1,"time":0.3333},{"x":1,"y":1,"time":0.6667},{"x":0.5,"y":0.5,"time":0.8333}],