{"skins":[{"attachments":{"coin6":{"coin3":{"x":-0.02,"width":45,"y":-0.77,"height":31}},"coin5":{"coin2":{"x":1.52,"width":47,"y":0.37,"height":16}},"coin4":{"coin1":{"x":-0.47,"width":35,"y":-1.23,"height":32}},"bg":{"bg":{"triangles":[16,9,10,8,9,16,23,10,11,17,11,12,17,12,13,17,13,14,22,14,15,7,21,6,16,7,8,0,18,15,5,6,19,1,18,0,4,5,19,4,19,3,2,18,1,3,24,2,16,10,23,20,16,23,17,23,11,22,17,14,17,20,23,22,20,17,21,16,20,22,24,20,18,22,15,18,24,22,24,19,21,24,21,20,21,7,16,6,21,19,3,19,24,2,24,18],"uvs":[0.97347,0.86869,0.8962,0.95125,0.79333,0.99415,0.22294,0.99392,0.11208,0.9602,0.03367,0.88462,0,0.79392,0,0.17885,0.03801,0.09387,0.1026,0.02615,0.16313,0,0.8339,0,0.9097,0.03543,0.97008,0.10482,1,0.18494,1,0.78323,0.12879,0.11885,0.88765,0.13838,0.87652,0.78303,0.13197,0.78955,0.50106,0.50466,0.13038,0.50955,0.87811,0.50955,0.50583,0.12699,0.50583,0.78466],"vertices":[1,0,83.31,-62.55,1,1,0,69.71,-76.75,1,1,0,51.6,-84.13,1,1,0,-48.79,-84.09,1,1,0,-68.3,-78.29,1,1,0,-82.1,-65.29,1,1,0,-88.02,-49.69,1,1,0,-88.02,56.1,1,1,0,-81.33,70.72,1,1,0,-69.97,82.37,1,1,0,-59.31,86.86,1,1,0,58.74,86.86,1,1,0,72.08,80.77,1,1,0,82.71,68.83,1,1,0,87.98,55.05,1,1,0,87.98,-47.85,1,1,4,-65.36,66.42,1,1,4,68.2,63.06,1,1,4,66.24,-47.82,1,1,4,-64.8,-48.94,1,1,4,0.16,0.06,1,1,4,-65.08,-0.78,1,1,4,66.52,-0.78,1,1,4,1,65.02,1,1,4,1,-48.1,1],"edges":[12,10,10,8,8,6,6,4,4,2,2,0,0,30,28,30,28,26,26,24,24,22,20,22,20,18,18,16,12,14,16,14],"width":176,"type":"mesh","hull":16,"height":172}},"coin3":{"coin3":{"x":-0.02,"width":45,"y":-0.77,"height":31}},"khung":{"khung":{"width":186,"height":182}},"coin2":{"coin2":{"x":1.52,"width":47,"y":0.37,"height":16}},"coin1":{"coin1":{"x":-0.47,"width":35,"y":-1.23,"height":32}},"poker":{"poker":{"width":156,"height":42}},"limit":{"limit":{"color":"ce3a3aff","vertices":[-61.5,-79.81,-50.17,-81.99,52.29,-81.77,69.3,-75.88,81.72,-63.02,87.17,-48.42,87.39,53.83,81.94,68,72.13,79.77,54.47,88.05,-53.44,87.83,-67.61,82.6,-80.25,70.83,-86.79,57.1,-87.01,-47.54,-80.91,-63.68,-71.97,-73.92],"end":"limit","type":"clipping","vertexCount":17}},"khung-light":{"khung-light":{"width":176,"height":172}}},"name":"default"}],"skeleton":{"images":"./images/","x":-93,"width":186,"y":-91,"spine":"3.8.83","audio":"E:/lam viec/Long/thỏ béo/0.SLOT/1.thiendia","hash":"zXE0jKNqWkTyeuZvklt69Va9QSQ","height":182},"slots":[{"attachment":"bg","name":"bg","dark":"000000","bone":"root"},{"attachment":"khung-light","name":"khung-light","bone":"root"},{"attachment":"khung","name":"khung","bone":"root"},{"attachment":"limit","name":"limit","bone":"root"},{"attachment":"coin1","name":"coin1","bone":"coin1"},{"attachment":"coin1","name":"coin4","bone":"coin4"},{"attachment":"coin2","name":"coin2","bone":"coin2"},{"attachment":"coin2","name":"coin5","bone":"coin5"},{"attachment":"coin3","name":"coin3","bone":"coin3"},{"attachment":"coin3","name":"coin6","bone":"coin6"},{"attachment":"poker","name":"poker","bone":"poker"}],"bones":[{"name":"root"},{"parent":"root","name":"text"},{"parent":"text","name":"poker","x":0.56,"y":-58.87},{"parent":"root","name":"text2"},{"parent":"root","name":"bg"},{"parent":"root","name":"coin3","x":23.62,"y":108.54},{"parent":"root","rotation":27.35,"name":"coin2","x":-39.55,"y":106.57},{"parent":"root","name":"coin1","x":-2.2,"y":108.43},{"scaleX":0.6567,"parent":"root","scaleY":0.6567,"rotation":-76.53,"name":"coin4","x":30.86,"y":107.17},{"scaleX":0.6567,"parent":"root","scaleY":0.6567,"rotation":-32.37,"name":"coin5","x":54.62,"y":107.49},{"scaleX":0.6567,"parent":"root","scaleY":0.6567,"rotation":59.28,"name":"coin6","x":-53.94,"y":104.98}],"animations":{"animation":{"slots":{"coin6":{"color":[{"color":"ffffffff","time":4.5},{"color":"ffffff00","time":4.5333},{"color":"ffffff00","time":4.5667},{"color":"ffffffff","time":4.6}]},"coin5":{"color":[{"color":"ffffffff","time":4.3333},{"color":"ffffff00","curve":"stepped","time":4.3667},{"color":"ffffff00","time":4.4},{"color":"ffffffff","time":4.4333}]},"coin4":{"color":[{"color":"ffffffff","time":4.7667},{"color":"ffffff00","curve":"stepped","time":4.8},{"color":"ffffff00","time":4.8333},{"color":"ffffffff","time":4.8667}]},"coin3":{"color":[{"color":"ffffffff","time":4.6667},{"color":"ffffff00","curve":"stepped","time":4.7},{"color":"ffffff00","time":4.7333},{"color":"ffffffff","curve":"stepped","time":4.7667},{"color":"ffffffff","time":5.6},{"color":"ffffff00","curve":"stepped","time":5.6333},{"color":"ffffff00","time":5.6667},{"color":"ffffffff","time":5.7}]},"coin2":{"color":[{"color":"ffffffff","time":4.8333},{"color":"ffffff00","curve":"stepped","time":4.8667},{"color":"ffffff00","time":4.9},{"color":"ffffffff","curve":"stepped","time":4.9333},{"color":"ffffffff","time":5.7667},{"color":"ffffff00","curve":"stepped","time":5.8},{"color":"ffffff00","time":5.8333},{"color":"ffffffff","time":5.8667}]},"coin1":{"color":[{"color":"ffffffff","time":5},{"color":"ffffff00","curve":"stepped","time":5.0333},{"color":"ffffff00","time":5.0667},{"color":"ffffffff","time":5.1}]},"poker":{"color":[{"color":"ffffff00"},{"color":"ffffffff","curve":"stepped","time":0.1667},{"color":"ffffffff","time":5.4667},{"color":"ffffff00","time":5.6667}]}},"bones":{"coin6":{"rotate":[{"time":3.6667},{"angle":-79.09,"time":4.5},{"curve":"stepped","time":4.5667},{"time":4.6},{"angle":75.09,"time":5.4333}],"scale":[{"time":3.6667},{"x":0.649,"y":0.649,"time":4.5},{"x":1.377,"y":1.377,"time":4.5667}],"translate":[{"time":3.6667},{"y":-221.26,"time":4.5},{"x":48.91,"y":-198.51,"time":4.5333},{"curve":"stepped","x":97.82,"time":4.5667},{"x":97.82,"time":4.6},{"x":97.82,"y":-208.91,"time":5.4333}]},"coin5":{"rotate":[{"time":3.5},{"angle":-78.62,"time":4.3333},{"time":4.4333},{"angle":72.29,"time":5.2667}],"scale":[{"time":4.4333},{"x":0.848,"y":0.848,"time":5.2667}],"translate":[{"time":3.5},{"y":-221.26,"time":4.3333},{"x":-86.22,"time":4.4333},{"x":-86.22,"y":-203.93,"time":5.2667}]},"coin4":{"rotate":[{"time":3.9333},{"angle":-50.46,"time":4.7667},{"time":4.8667},{"angle":68.8,"time":5.7}],"scale":[{"time":3.9333},{"x":1.184,"y":1.184,"time":4.7667},{"time":4.8667},{"x":1.435,"y":1.435,"time":5.7}],"translate":[{"time":3.9333},{"y":-221.26,"time":4.7667},{"x":-21,"y":-205.54,"time":4.8},{"x":-42,"y":-9.09,"time":4.8333},{"x":-63,"time":4.8667},{"x":-63,"y":-210.57,"time":5.7}]},"bg":{"scale":[{"c3":0.75,"curve":0.25},{"c3":0.75,"curve":0.25,"x":1.15,"y":1.15,"time":1.6667},{"c3":0.75,"curve":0.25,"time":3.3333},{"c3":0.75,"curve":0.25,"x":1.15,"y":1.15,"time":5},{"time":6.6667}]},"coin3":{"rotate":[{"time":3.8333},{"angle":92.47,"time":4.6667},{"time":4.7667},{"angle":-45.09,"time":5.6},{"angle":141.27,"time":5.7},{"angle":-127.31,"time":6.5333}],"scale":[{"time":5.6},{"x":0.651,"y":0.651,"time":5.7},{"x":0.755,"y":0.755,"time":6.5333}],"translate":[{"time":3.8333},{"y":-221.26,"time":4.6667},{"x":-62.17,"y":-207.2,"time":4.7},{"x":-61.35,"y":-4.12,"time":4.7333},{"x":-76.37,"time":4.7667},{"x":-76.37,"y":-217.2,"time":5.6},{"x":-62.17,"y":-207.2,"time":5.6333},{"x":-61.35,"y":-4.12,"time":5.6667},{"x":-16.85,"time":5.7},{"x":-16.85,"y":-206.46,"time":6.5333}]},"coin2":{"rotate":[{"time":4},{"angle":76.75,"time":4.8333},{"time":4.9333},{"angle":100.47,"time":5.7667},{"angle":96.15,"time":5.8667},{"angle":156.3,"time":6.6667}],"scale":[{"time":4},{"x":1.123,"y":1.123,"time":4.8333},{"time":4.9333}],"translate":[{"time":4},{"y":-221.26,"time":4.8333},{"x":19.07,"y":-220.47,"time":4.8667},{"curve":"stepped","x":38.13,"y":9.12,"time":4.9},{"x":38.13,"y":9.12,"time":4.9333},{"x":38.13,"y":-217.2,"time":5.7667},{"x":19.07,"y":-220.47,"time":5.8},{"x":38.13,"y":9.12,"time":5.8333},{"x":92.07,"y":9.12,"time":5.8667},{"x":92.07,"y":-201.06,"time":6.6667}]},"poker":{"scale":[{"c3":0.489,"curve":0.25,"x":0.633,"y":0.342},{"c3":0.878,"c4":0.68,"curve":0.581,"x":0.821,"y":1.524,"time":0.2333,"c2":0.01},{"time":0.5667},{"x":1.05,"y":0.95,"time":0.6667},{"curve":"stepped","time":0.7333},{"c3":0.75,"curve":0.25,"time":1},{"c3":0.75,