{"skins":{"default":{"s3":{"s3":{"x":40.41,"width":105,"y":29.5,"height":108}},"s4":{"s4":{"x":-40.59,"width":95,"y":-8.5,"height":108}},"chip":{"chip":{"x":0.65,"width":150,"y":-8.99,"height":62}},"e":{"e":{"x":-0.61,"width":64,"y":15.8,"height":66}},"bai":{"bai":{"triangles":[42,18,41,17,41,18,41,17,16,19,18,42,41,16,15,42,41,40,7,29,8,28,34,29,40,41,15,9,11,10,35,12,11,35,11,9,40,35,36,15,14,13,12,15,13,12,40,15,35,40,12,34,9,8,35,9,34,29,34,8,33,35,34,36,35,33,28,33,34,39,42,40,39,40,36,37,39,36,32,36,33,31,37,36,32,31,36,27,32,33,26,31,32,43,19,42,43,42,39,20,19,43,43,39,37,38,43,37,38,37,31,30,20,43,30,43,38,21,20,30,25,30,38,25,38,31,24,21,30,5,28,29,27,33,28,0,21,24,28,4,27,5,4,28,4,3,26,1,24,2,0,23,22,0,22,21,1,0,24,2,25,3,5,29,6,3,25,26,2,24,25,4,26,27,25,31,26,24,30,25,26,32,27,6,29,7],"uvs":[0,0.9777,0,1,0.22018,0.98527,0.45066,0.9696,0.69272,0.94274,0.81762,0.92259,1,0.78156,1,0.7392,1,0.66739,0.84594,0.39428,0.86268,0.29801,0.82921,0.20847,0.72105,0.17489,0.65152,0.08534,0.60646,0.08534,0.58585,0.12116,0.37727,0,0.291,0,0.24722,0.10549,0.21246,0.448,0.15323,0.71888,0.09657,0.84424,0.01417,0.86439,0,0.88006,0.1262,0.97047,0.28,0.95722,0.47953,0.92831,0.6756,0.91747,0.81831,0.87651,0.94441,0.79581,0.24504,0.88453,0.44309,0.84286,0.61212,0.81434,0.76602,0.76829,0.89216,0.66521,0.75971,0.4437,0.57049,0.61915,0.42669,0.73539,0.30433,0.79899,0.42164,0.55774,0.53517,0.27044,0.39137,0.17613,0.33713,0.45028,0.25387,0.66302],"vertices":[1,3,-7.09,-4.15,1,2,3,-7.09,-6.11,0.99989,4,-17.2,-6.03,1.1E-4,1,3,26.59,-4.81,1,1,3,61.86,-3.43,1,1,3,98.89,-1.07,1,1,3,118,0.7,1,1,3,145.91,13.11,1,3,3,145.91,16.84,0.328,5,77.18,-31.29,0.00375,6,18.99,-44.75,0.66825,2,5,80.06,-25.67,4.6E-4,6,24.11,-41.05,0.99954,1,6,29.75,-7.86,1,1,6,38.11,-4.97,1,3,4,117.88,45.95,4.0E-5,5,75.24,22.19,0.00275,6,41.49,3.8,0.99721,3,4,101.87,51.1,0.01089,5,61.86,32.37,0.10839,6,34.18,18.94,0.88072,3,4,92.39,60.34,0.03623,5,55.99,44.24,0.23832,6,34.32,32.18,0.72545,3,4,85.56,61.27,0.05144,5,49.86,47.38,0.28439,6,30.28,37.76,0.66417,3,4,82.01,58.57,0.07194,5,45.61,46.02,0.33359,6,25.88,38.47,0.59448,1,7,46.38,-6,1,1,7,48.19,7.07,1,1,7,39.92,14.98,1,4,4,21.54,37.74,0.35299,5,-18.34,46.49,0.14716,6,-30.92,67.87,0.02785,7,10.79,24.39,0.472,3,4,9.35,15.34,0.96904,5,-37.29,29.42,0.02837,6,-55.55,61.23,0.00259,3,3,7.68,7.6,0.08756,4,-0.72,5.57,0.91213,5,-50.03,23.56,3.1E-4,2,3,-4.93,5.83,0.99286,4,-13.45,5.51,0.00714,1,3,-7.09,4.45,1,1,3,12.21,-3.51,1,1,3,35.75,-2.34,1,1,3,66.27,0.2,1,1,3,96.27,1.15,1,1,3,118.11,4.76,1,3,3,137.4,11.86,0.328,5,67.34,-31.85,0.02392,6,9.97,-40.79,0.64808,3,4,21.32,-0.99,0.98572,5,-31.44,10.04,0.01263,6,-59.11,41.3,0.00165,3,4,51.83,-1.43,0.44265,5,-2.8,-0.53,0.53787,6,-38.37,18.91,0.01948,3,4,77.8,-2.42,0.11018,5,21.36,-10.1,0.74127,6,-21.17,-0.57,0.14855,3,4,101.68,-1.57,0.03073,5,44.16,-17.24,0.37806,6,-4.08,-17.26,0.59121,3,4,122.02,4.83,0.00362,5,65.47,-17.97,0.06465,6,14.59,-27.57,0.93173,3,4,104.56,26.87,0.0168,5,56.33,8.62,0.1954,6,18.49,0.27,0.78781,3,4,73.8,15.46,0.16599,5,23.53,8.09,0.58217,6,-10.99,14.67,0.25184,3,4,50.62,8.28,0.43142,5,-0.72,9.03,0.50168,6,-32.18,26.49,0.0669,3,4,31.32,5.25,0.77166,5,-19.93,12.59,0.2004,6,-47.7,38.37,0.02794,3,4,51.95,23.87,0.38742,5,5.73,23.29,0.50242,6,-19.97,36.28,0.11016,3,4,72.56,46.59,0.17136,5,32.72,37.86,0.39309,6,10.69,37.04,0.43555,1,7,30.73,-6.01,1,4,4,40.41,34.98,0.25036,5,-1.46,37.61,0.21434,6,-19.9,52.3,0.0633,7,7.97,5.52,0.472,3,4,25.27,18.14,0.75694,5,-21.34,26.76,0.20905,6,-42.53,51.64,0.03401],"type":"mesh","hull":24}},"k":{"k":{"x":0.62,"width":66,"y":20.8,"height":78}},"tron1":{"tron1":{"x":5.69,"width":150,"y":-98.5,"height":151}},"tron2":{"tron2":{"x":5.69,"width":178,"y":-98,"height":178}},"o":{"o":{"x":2.81,"width":68,"y":16.1,"height":66}},"p":{"p":{"x":4.95,"width":71,"y":21.01,"height":77}},"r":{"r":{"x":1.37,"width":62,"y":16.1,"height":66}},"s1":{"s1":{"rotation":-44.43,"x":0.03,"width":20,"y":-0.03,"height":21}},"s2":{"s2":{"x":-0.64,"width":37,"y":-0.71,"height":37}}}},"skeleton":{"width":0,"spine":"3.7.94","hash":"KnIn12sfR8DLoVblLf9GW7pUmTQ","height":0},"slots":[{"attachment":"tron2","name":"tron2","bone":"bone"},{"attachment":"tron1","name":"tron1","bone":"bone"},{"attachment":"s4","blend":"screen","name":"s4","bone":"bone8"},{"attachment":"s3","blend":"screen","name":"s3","bone":"bone8"},{"attachment":"chip","name":"chip","bone":"bone7"},{"attachment":"bai","name":"bai","bone":"root"},{"attachment":"r","name":"r","bone":"bone15"},{"attachment":"e","name":"e","bone":"bone14"},{"attachment":"k","name":"k","bone":"bone13"},{"attachment":"o","name":"o","bone":"bone12"},{"attachment":"p","name":"p","bone":"bone11"},{"attachment":"s2","blend":"additive","name":"s2","bone":"bone9"},{"attachment":"s1","blend":"additive","name":"s1","bone":"bone10"}],"bones":[{"name":"root"},{"parent":"root","name":"bone","x":90.31},{"parent":"bone","name":"bone7","x":6.04,"y":-105.01},{"parent":"bone7","name":"bone5","x":-66.26,"y":6.12},{"parent":"bone5","rotation":7.72,"name":"bone2","length":54.3,"x":9.14,"y":2.17},{"parent":"bone2","rotation":19.43,"name":"bone3","length":39.97,"x":54.3},{"parent":"bone3","rotation":26.94,"name":"bone4","length":32.65,"x":39.97},{"parent":"bone2","rotation":90.17,"name":"bone6","length":32.34,"x":45.95,"y":27.02},{"scaleX":0.952,"parent":"bone","scaleY":0.952,"name":"bone8","x":2.79,"y":-98.5},{"parent":"bone","name":"bone9","x":-8.17,"y":-135.79},{"parent":"bone","name":"bone10","x":-54.96,"y":-150.1},{"parent":"bone","name":"bone11","x":-45.76,"y":-164.51},{"parent":"bone","name":"bone12","x":-19.12,"y":-165.1},{"parent":"bone","name":"bone13","x":11.07,"y":-164.8},{"parent":"bone","name":"bone14","x":38.31,"y":-164.8},{"parent":"bone","name":"bone15","x":59.32,"y":-165.1}],"animations":{"animation":{"slots":{"s3":{"color":[{"color":"ffffffff","time":0},{"color":"ffffff00","time":0.3333},{"color":"ffffffff","time":0.6667},{"color":"ffffff00","time":1},{"color":"ffffffff","time":1.3333},{"color":"ffffff00","time":1.6667},{"color":"ffffffff","time":2},{"color":"ffffff00","time":2.3333},{"color":"ffffffff","time":2.6667}]},"s4":{"color":[{"color":"ffffffff","time":0},{"color":"ffffff00","time":0.3333},{"color":"ffffffff","time":0.6667},{"color":"ffffff00","time":1},{"color":"ffffffff","time":1.3333},{"color":"ffffff00","time":1.6667},{"color":"ffffffff","time":2},{"color":"ffffff00","time":2.3333},{"color":"ffffffff","time":2.6667}]},"s1":{"color":[{"color":"ffffff00","curve":"stepped","time":0},{"color":"ffffff00","time":0.8333},{"color":"ffffffff","time":1},{"color":"ffffff00","time":1.1667}]},"s2":{"color":[{"color":"ffffff00","curve":"stepped","time":0},{"color":"ffffff00","time":1.1667},{"color":"ffffffff","time":1.4},{"color":"ffffff00","curve":"stepped","time":1.6667},{"color":"ffffff00","time":2.6667}]}},"bones":{"bone15":{"scale":[{"x":1,"y":1,"time":1.3333},{"x":1,"y":0.7,"time":1.5},{"x":1,"y":1.2,"time":1.6},{"x":1,"y":1,"time":1.6667}],"translate":[{"x":0,"y":0,"time":1.5},{"x":0,"y":10,"time":1.6},{"x":0,"y":0,"time":1.6667}]},"bone10":{"scale":[{"x":1,"y":1,"time":0},{"x":0.4,"y":0.4,"time":0.8333},{"x":4.551,"y":1.177,"time":1.1667},{"x":1,"y":1,"time":2.6667}],"translate":[{"x":0,"y":0,"time":0.8333},{"x":117.53,"y":0,"time":1.1667},{"x":0,"y":0,"time":2.6667}]},"bone4":{"rotate":[{"curve":[0.25,0,0.75,1],"angle":0,"time":0},{"curve":[0.25,0,0.75,1],"angle":4.76,"time":0.6667},{"curve":[0.25,0,0.75,1],"angle":0,"time":1.3333},{"curve":[0.25,0,0.75,1],"angle":4.76,"time":2},{"angle":0,"time":2.6667}]},"bone7":{"scale":[{"curve":[0.25,0,0.75,1],"x":1,"y":1,"time":0},{"curve":[0.25,0,0.75,1],"x":0.9,"y":0.9,"time":0.6667},{"curve":[0.25,0,0.75,1],"x":1,"y":1,"time":1.3333},{"curve":[0.25,0,0.75,1],"x":0.9,"y":0.9,"time":2},{"x":1,"y":1,"time":2.6667}],"translate":[{"curve":[0.25,0,0.75,1],"x":0,"y":0,"time":0},{"curve":[0.25,0,0.75,1],"x":0,"y":4.17,"time":0.6667},{"curve":[0.25,0,0.75,1],"x":0,"y":0,"time":1.3333},{"curve":[0.25,0,0.75,1],"x":0,