{"skins":[{"attachments":{"buc":{"buc":{"triangles":[18,17,15,41,18,2,2,18,15,41,2,0,2,1,0,0,42,41,15,17,16,3,2,4,11,10,12,12,10,13,9,7,13,7,9,8,14,13,15,4,13,5,13,4,15,2,15,4,13,7,5,5,7,6,13,10,9,19,18,20,23,22,24,22,21,24,21,20,24,24,20,26,18,26,20,38,18,41,41,40,39,25,24,26,18,38,26,41,39,38,27,26,28,28,26,38,28,38,37,29,28,30,28,37,36,35,30,28,31,30,33,32,31,33,35,33,30,33,35,34,35,28,36],"uvs":[0.42389,0,0.34461,0.02352,0.2924,0.12014,0.21891,0.1502,0.18121,0.22964,0.14156,0.22964,0.05358,0.34129,0.04197,0.39926,0.01103,0.43147,0,0.56888,0,0.68482,0.04004,0.79647,0.09709,0.76855,0.11739,0.71917,0.17154,0.75782,0.20151,0.73205,0.25759,0.86088,0.3243,0.91241,0.42196,0.8802,0.49254,0.96608,0.56796,0.97682,0.59407,1,0.65595,1,0.69752,0.92958,0.68689,0.87805,0.70622,0.84155,0.73426,0.72776,0.78454,0.71702,0.82515,0.60752,0.87446,0.56673,0.8967,0.50661,0.95762,0.5517,1,0.52808,1,0.37994,0.97502,0.29835,0.8996,0.31552,0.84352,0.20817,0.75844,0.16738,0.70622,0.19529,0.66078,0.09438,0.56313,0.05144,0.53412,0.07291,0.47804,0],"vertices":[3,8,-18.64,34.13,0.18725,6,-8.4,34.03,0.03692,7,-3.25,-32,0.77583,3,8,-30.69,33.35,0.06234,6,-20.37,32.43,0.00651,7,8.81,-31.36,0.93115,3,8,-39.01,27.33,0.01378,6,-28.26,25.86,4.0E-5,7,17.19,-25.45,0.98618,2,8,-50.22,26.04,6.0E-5,7,28.42,-24.3,0.99994,1,7,34.53,-19.37,1,1,7,40.49,-19.85,1,1,7,54.35,-13.35,1,1,7,56.41,-9.56,1,1,7,61.24,-7.75,1,1,7,63.65,1.43,1,1,7,64.28,9.29,1,1,7,58.87,17.34,1,1,7,50.13,16.14,1,2,6,-54.68,-14.87,1.9E-4,7,46.8,13.04,0.99981,2,6,-46.51,-17.5,0.00577,7,38.86,16.31,0.99423,2,6,-41.98,-15.75,0.01998,7,34.21,14.93,0.98002,2,6,-33.51,-24.51,0.11072,7,26.47,24.34,0.88928,3,8,-37.87,-26.75,0.00643,6,-23.44,-28.01,0.21881,7,16.71,28.64,0.77476,3,8,-23,-25.57,0.12595,6,-8.69,-25.82,0.48603,7,1.84,27.64,0.38801,3,8,-12.77,-32.12,0.34538,6,1.97,-31.66,0.54595,7,-8.32,34.32,0.10867,3,8,-1.46,-33.62,0.54813,6,13.35,-32.39,0.43181,7,-19.61,35.96,0.02006,3,8,2.37,-35.46,0.60815,6,17.3,-33.97,0.38451,7,-23.41,37.85,0.00734,3,8,11.69,-36.1,0.69045,6,26.64,-33.97,0.30946,7,-32.73,38.59,9.0E-5,2,8,18.28,-31.75,0.73112,6,32.92,-29.18,0.26888,2,8,16.92,-28.14,0.75641,6,31.31,-25.67,0.24359,2,8,20,-25.87,0.8094,6,34.23,-23.19,0.1906,2,8,24.75,-18.43,0.92681,6,38.47,-15.45,0.07319,2,8,32.37,-18.22,0.98052,6,46.06,-14.72,0.01948,2,8,39,-11.21,0.99806,6,52.19,-7.28,0.00194,1,8,46.62,-8.95,1,1,8,50.24,-5.1,1,1,8,59.21,-8.78,1,1,8,65.71,-7.62,1,1,8,66.39,2.43,1,1,8,63.01,8.23,1,1,8,51.56,7.84,1,1,8,43.61,15.69,1,2,8,30.98,19.34,0.99972,7,-52.69,-16.6,2.8E-4,2,8,22.99,17.98,0.99023,7,-44.68,-15.34,0.00977,3,8,16.61,25.29,0.94536,6,27.37,27.61,0.00272,7,-38.39,-22.73,0.05192,3,8,2.1,29.21,0.72919,6,12.62,30.54,0.04377,7,-23.93,-26.82,0.22704,3,8,-2.37,28.05,0.58887,6,8.24,29.08,0.06315,7,-19.45,-25.72,0.34797,3,8,-10.48,33.57,0.31699,6,-0.22,34.03,0.05828,7,-11.4,-31.34,0.62473],"edges":[0,2,2,4,4,6,6,8,8,10,10,12,12,14,14,16,16,18,18,20,20,22,22,24,24,26,26,28,28,30,30,32,32,34,34,36,36,38,38,40,40,42,42,44,44,46,46,48,48,50,50,52,52,54,54,56,56,58,58,60,60,62,62,64,64,66,66,68,68,70,70,72,72,74,74,76,76,78,78,80,80,82,82,84,0,84],"width":151,"type":"mesh","hull":43,"height":68}},"star":{"star":{"width":406,"y":-2.28,"height":189}},"bg":{"bg":{"width":133,"y":0.72,"height":133}},"bg2":{"bg2":{"width":166,"y":0.22,"height":166}},"dai":{"dai":{"rotation":-90,"x":16.74,"width":96,"y":3.57,"height":62}},"ly":{"ly":{"rotation":-87.51,"x":24.04,"width":73,"y":0.13,"height":62}},"crown":{"crown":{"rotation":-57.46,"x":37.92,"width":106,"y":-4.34,"height":91}}},"name":"default"}],"skeleton":{"images":"./images/","x":-203,"width":406,"y":-96.78,"spine":"3.8.83","audio":"E:/lam viec/Long/thỏ béo/dai-ly","hash":"Q7ISW/uGvumM0Y2PH7yQRrvpUt4","height":189},"slots":[{"attachment":"bg2","name":"bg2","bone":"bone3"},{"attachment":"bg","name":"bg","bone":"bone2"},{"attachment":"buc","name":"buc","bone":"buc"},{"attachment":"crown","name":"crown","bone":"crown"},{"attachment":"star","name":"star","bone":"star"},{"attachment":"ly","name":"ly","bone":"ly"},{"attachment":"dai","name":"dai","bone":"dai"}],"bones":[{"name":"root"},{"parent":"root","name":"bone","x":-0.56,"y":-119.14},{"parent":"bone","rotation":90,"name":"dai","length":31.35,"x":-22.07,"y":70.62},{"parent":"bone","rotation":87.51,"name":"ly","length":28.82,"x":45.67,"y":71.33},{"parent":"bone","name":"bone2","x":0.56,"y":119.14},{"parent":"bone","name":"bone3","x":0.56,"y":119.14},{"parent":"bone2","name":"buc","x":-3.09,"y":-11.81},{"parent":"buc","rotation":-175.4,"name":"buc2","length":54.64,"x":-9.08,"y":1.88},{"parent":"buc","rotation":3.9,"name":"buc3","length":55.22,"x":12.52,"y":1.25},{"parent":"buc","rotation":57.46,"name":"crown","length":56.44,"x":-20.97,"y":16.9},{"parent":"bone2","name":"star"}],"animations":{"animation":{"slots":{"star":{"color":[{"c3":0.75,"color":"ffffff00","curve":0.25},{"c3":0.75,"color":"ffffffff","curve":0.25,"time":1},{"c3":0.75,"color":"ffffff00","curve":0.25,"time":2},{"c3":0.75,"color":"ffffffff","curve":0.25,"time":3},{"color":"ffffff00","time":4}]},"dai":{"color":[{"color":"ffffff00","curve":"stepped"},{"color":"ffffff00","time":0.2},{"color":"ffffffff","curve":"stepped","time":0.3333},{"c3":0.616,"c4":0.74,"color":"ffffffff","curve":0.217,"time":3.3333,"c2":0.35},{"c3":0.751,"color":"ffffff00","curve":0.381,"time":3.6,"c2":0.6},{"color":"ffffff00","time":3.8}]},"ly":{"color":[{"color":"ffffff00","curve":"stepped"},{"color":"ffffff00","time":0.2},{"color":"ffffffff","curve":"stepped","time":0.3333},{"c3":0.616,"c4":0.74,"color":"ffffffff","curve":0.217,"time":3.3333,"c2":0.35},{"c3":0.751,"color":"ffffff00","curve":0.381,"time":3.6,"c2":0.6},{"color":"ffffff00","time":3.8}]}},"bones":{"buc":{"translate":[{"c3":0.75,"curve":0.25},{"c3":0.75,"curve":0.25,"y":20.08,"time":1},{"c3":0.75,"curve":0.25,"time":2},{"c3":0.75,"curve":0.25,"y":20.08,"time":3},{"time":4}]},"star":{"scale":[{"c3":0.75,"curve":0.25},{"c3":0.75,"curve":0.25,"x":1.259,"y":1.259,"time":1},{"c3":0.75,"curve":0.25,"time":2},{"c3":0.75,"curve":0.25,"x":1.259,"y":1.259,"time":3},{"time":4}]},"bone3":{"rotate":[{},{"angle":90,"time":1},{"angle":180,"time":2},{"angle":-90,"time":3},{"time":4}],"scale":[{"c3":0.75,"curve":0.25},{"curve":"stepped","x":1.099,"y":1.099,"time":0.9667},{"c3":0.75,"curve":0.25,"x":1.099,"y":1.099,"time":1},{"c3":0.75,"curve":0.25,"time":2},{"c3":0.75,"curve":0.25,"x":1.099,"y":1.099,"time":3},{"time":4}]},"buc2":{"rotate":[{"c3":0.75,"curve":0.25},{"c3":0.75,"curve":0.25,"angle":9.03,"time":1},{"c3":0.75,"curve":0.25,"time":2},{"c3":0.75,"curve":0.25,"angle":9.03,"time":3},{"time":4}]},"dai":{"scale":[{"c3":0.75,"curve":0.605,"c2":0.01},{"c3":0.75,"curve":0.25,"x":1.358,"y":0.848,"time":0.3333},{"curve":"stepped","time":0.5},{"c3":0.42,"c4":0.99,"curve":0.25,"time":1.1667},{"c3":0.535,"curve":0.25,"x":0.85,"y":1.15,"time":1.5},{"c3":0.75,"curve":0.614,"x":1.15,"y":0.85,"time":1.7},{"c3":0.75,"curve":0.25,"time":1.8333},{"c3":0.75,"curve":0.25,"x":0.973,"y":1.027,"time":1.9333},{"curve":"stepped","time":2},{"c3":0.42,"c4":0.99,"curve":0.25,"time":3},{"c3":0.75,"curve":0.216,"x":0.85,"y":1.15,"time":3.3333,"c2":0.47},{"c3":0.75,"curve":0.614,"x":1.15,"y":0.85,"time":3.8},{"time":4}],"translate":[{"c3":0.75,"curve":0.605,"x":-102.1,"c2":0.01},{"c3":0.75,"curve":0.25,"x":9.17,"time":0.3333},{"c3":0.75,"curve":0.25,"x":-11.63,"time":0.5},{"c3":0.623,"c4":0.39,"curve":0.281,"x":-4.01,"time":0.6},{"c3":0.42,"c4":0.99,"curve":0.25,"x":-3.42,"time":1.1667},{"c3":0.535,"curve":0.25,"x":-3.16,"time":1.5},{"c3":0.75,"curve":0.614,"x":-2.97,"y":20.55,"time":1.7},{"curve":"stepped","x":-3.42,"time":1.8333},{"c3":0.42,"c4":0.99,"curve":0.25,"x":-3.42,"time":3},{"c3":0.75,"curve":0.216,"x":-3.16,"time":3.3333,"c2":0.47},{"c3":0.75,"curve":0.614,"x":-2.97,"y":191.63,"time":3.8},{"time":4}]},"ly":{"scale":[{"c3":0.75,"curve":0.605,"c2":0.01},{"c3":0.75,"curve":0.25,"x":1.358,"y":0.848,"time":0.3333},{"curve":"stepped","time":0.4333},{"c3":0.473,"c4":0.99,